experiment,count,mean,std,min,25%,50%,75%,90%,95%,99%,max,variance,skewness,Bowley_skew
test_10_10,50.0,59.7946,26.52339169449473,45.05,48.894999999999996,51.16,55.9575,80.674,95.791,159.10969999999978,217.65,703.4903069795918,4.655569102914939,0.35858407079645965
test_10_12,50.0,72.70320000000001,29.11724115379346,57.16,61.8925,63.43,68.9775,94.84100000000002,116.57599999999996,185.06519999999978,242.65,847.8137324081614,4.513417569995199,0.565984474241355
test_10_14,50.0,92.4966,34.61262472342856,73.77,78.0375,83.805,89.7975,107.72200000000004,140.17149999999998,226.74569999999972,302.73,1198.0337902448987,4.946105024121503,0.019132653061221583
test_10_16,50.0,106.8968,45.25927274208963,89.78,94.1,96.61,100.32499999999999,110.586,142.66249999999988,298.1746999999996,396.65,2048.4017691428576,5.760658957218806,0.19357429718875263
test_10_18,50.0,133.179,53.356405588710125,113.4,117.0425,121.33,128.4375,141.77,162.95099999999996,354.29309999999947,483.07,2846.9060173469366,6.078626030230193,0.24747696358051977
test_10_2,50.0,29.041799999999995,12.18888665622777,18.85,23.665,26.545,30.1875,38.17700000000001,41.49549999999999,76.7509999999999,98.85,148.56895791836726,4.144855894897559,0.11690302798006832
test_10_20,50.0,160.922,62.17717354627888,137.42,144.42249999999999,147.815,152.51000000000002,166.35000000000002,191.48599999999996,408.23859999999934,577.22,3866.000910204079,6.405802220539335,0.1610510046367856
test_10_4,50.0,36.2528,13.162429997100514,27.37,31.22,33.17,35.69,44.342000000000006,53.193,87.7760999999999,114.78,173.24956342857146,4.700761616683285,0.12751677852348844
test_10_6,50.0,40.553,18.846646456413968,27.97,31.075,37.099999999999994,40.4675,58.672000000000004,60.253499999999995,113.36889999999984,152.76,355.19608265306096,4.616831331490943,-0.2829385147724231
test_10_8,50.0,47.94919999999999,22.5730228044587,35.02,38.125,39.97,48.29,67.883,71.39999999999999,130.07809999999978,184.62,509.54135853061234,4.797228071636496,0.6369896704377762
test_15_10,50.0,88.87559999999999,35.22022321198492,71.05,74.9825,79.93,84.77499999999999,102.247,147.1015,227.87809999999973,298.1,1240.4641231020407,4.754079620976005,-0.010467194281339859
test_15_12,50.0,107.32539999999999,39.42015780883518,89.06,92.47,95.78,103.7575,120.046,172.3369999999999,267.0322999999997,337.46,1553.9488416734669,4.6302623185112655,0.413510520487264
test_15_14,50.0,141.93300000000002,51.50990494208717,121.95,125.8625,129.26999999999998,135.32,156.469,163.51,363.92449999999957,470.23,2653.270307142857,5.702696832294239,0.2794078773460261
test_15_16,50.0,174.26540000000006,63.051383781607136,151.2,157.625,160.95,164.455,181.782,205.88749999999993,431.5073999999994,593.08,3975.4769967755096,6.285962592920795,0.026354319180097122
test_15_18,50.0,219.6156,67.46733910234654,194.94,199.4475,203.82,211.6175,239.091,269.7469999999999,487.0747999999993,663.22,4551.84184555102,6.088200841466562,0.2814297452752676
test_15_2,50.0,33.17179999999999,10.907140086069441,24.09,28.2575,30.299999999999997,34.97,41.269,43.11599999999999,73.8808999999999,98.67,118.96570485714287,4.640261277865156,0.391433891992552
test_15_20,50.0,270.0948,77.0363749820002,240.04,247.01500000000001,250.975,259.7875,283.217,345.0974999999998,583.1310999999993,764.73,5934.603070367348,5.7516065337906825,0.379917792131534
test_15_4,50.0,40.6736,14.7960202536675,28.58,32.0875,39.865,45.2325,47.785000000000004,50.2605,96.52779999999987,129.74,218.92221534693874,4.611331639353161,-0.1833396728794226
test_15_6,50.0,47.666000000000004,24.79917139827088,34.89,37.66,39.675,42.42,68.924,75.4075,145.4664999999998,193.07,614.9989020408161,4.503676187336365,0.1533613445378158
test_15_8,50.0,62.9392,27.272996276125415,49.25,51.3825,54.3,58.847500000000004,91.13300000000001,110.5355,165.6966999999998,215.76,743.8163258775514,4.125000893897796,0.21835231078365827
test_20_10,50.0,119.2964,41.07707423358968,98.83,102.5,107.695,117.5025,136.287,155.5525,300.31049999999976,356.93,1687.3260275918371,4.668083138780825,0.3074487585402441
test_20_12,50.0,157.7626,51.51915747544394,136.38,140.4875,144.07999999999998,151.925,169.585,200.9855,375.09489999999954,483.38,2654.223586979593,5.5485490021820425,0.37180327868852936
test_20_14,50.0,216.99720000000002,65.62416516211455,190.07,194.325,199.305,213.0225,253.47400000000002,279.83349999999996,472.13399999999933,637.95,4306.531053224492,5.677385784607449,0.4673084636983525
test_20_16,50.0,301.94859999999994,65.37493131880733,275.85,281.46500000000003,284.43,293.945,315.408,365.5334999999999,562.2869999999994,721.88,4273.881644938775,5.7257573458028705,0.5248397435897507
test_20_18,50.0,359.5784,75.3100072858034,334.61,340.53499999999997,343.12,347.55,363.339,412.4659999999998,668.9064999999993,852.24,5671.597197387751,6.057781858402445,0.26300784034212626
test_20_2,50.0,31.240800000000004,13.110833476517792,21.23,25.2,28.275,31.4225,42.765,45.95449999999999,82.01959999999988,108.46,171.89395444897963,4.478601147672218,0.011651265568502229
test_20_20,50.0,514.5734,91.10211934652547,483.8,490.3725,496.6,501.8775,519.669,553.8805,894.1830999999991,1117.53,8299.596149428573,6.244128997681039,-0.08257279443720521
test_20_4,50.0,43.373599999999996,19.215995225066962,30.75,34.0575,36.334999999999994,48.765,54.480000000000004,61.00949999999999,114.42579999999981,160.77,369.25447248979634,4.872219614675903,0.6902940676525583
test_20_6,50.0,60.76959999999999,26.233558112945836,47.49,49.8625,52.34,55.572500000000005,90.46600000000001,101.81649999999999,162.4975999999998,206.48,688.1995712653058,4.051391245821267,0.13222416812609358
test_20_8,50.0,91.892,33.04916998556384,73.67,78.845,82.18,90.3725,106.042,146.34099999999995,222.39849999999976,284.31,1092.2476367346944,4.529342232952785,0.42138364779874093
test_25_10,50.0,169.7278,50.84769191037333,148.0,152.9375,156.89499999999998,163.2,198.913,211.547,378.66439999999955,491.58,2585.4877726122454,5.521937334334205,0.22874543239951547
test_25_12,50.0,233.22,63.76312657174272,204.14,209.51749999999998,217.27,226.2975,261.866,285.5455,488.5008999999994,642.65,4065.7363102040813,5.698300419820191,0.07598331346841329
test_25_14,50.0,328.27279999999996,66.73256400081183,304.07,308.4925,312.385,317.36749999999995,334.524,398.7524999999998,603.1339999999993,752.78,4453.235098122444,5.642698333411084,0.12281690140844227
test_25_16,50.0,530.1880000000001,67.06120971902902,500.66,511.9625,515.845,520.305,538.992,567.435,818.9699999999995,960.09,4497.205848979596,5.794065026235715,0.06922385376084801
test_25_18,50.0,625.3116,87.21220141091942,589.21,602.5999999999999,606.56,614.915,633.408,664.5864999999999,1002.9462999999993,1187.74,7605.96807493877,5.8966291666555435,0.35688185140072776
test_25_2,50.0,32.815,13.789117751594803,22.92,25.2275,31.185,34.905,40.61200000000001,52.067499999999995,84.39279999999988,112.95,190.1397683673469,4.302198177188786,-0.23120640661327788
test_25_20,50.0,806.9051999999999,109.4904752588469,765.33,777.3375,790.53,796.4075,808.499,848.6504999999999,1237.2564999999986,1546.52,11988.164172408164,6.564190034580844,-0.38358678552700765
test_25_4,50.0,51.123000000000005,22.77969694392669,37.82,40.307500000000005,43.595,47.8675,75.67,78.878,137.15779999999984,176.74,518.9145928571428,3.8352029491246085,0.13029100529100718
test_25_6,50.0,77.64880000000001,31.2420760657476,62.57,65.48,68.42500000000001,72.545,90.58300000000003,131.1685,202.67369999999977,255.04,976.0673168979598,4.3307253529136664,0.16631280962490919
test_25_8,50.0,113.4568,34.67332795079921,95.82,101.2525,103.78999999999999,108.7775,127.98100000000001,165.6589999999999,261.7093999999998,306.76,1202.2396711836727,4.369959544075794,0.32558139534883923
test_30_10,50.0,223.64860000000002,54.87389978479601,201.38,207.33499999999998,209.98,215.3075,237.507,261.174,465.4954999999996,564.01,3011.144877591838,5.417413011493292,0.33646911257447426
test_30_12,50.0,336.6071999999999,65.85994444118455,308.83,314.75250000000005,318.205,325.11,352.35900000000004,420.92899999999975,607.6798999999994,738.26,4337.5322817959195,5.115273106330819,0.3333333333333443
test_30_14,50.0,536.5156000000001,69.31539791711626,512.21,516.7475,522.165,527.98,539.3480000000001,564.9949999999999,842.5367999999995,977.62,4804.624388408156,5.7588856873627305,0.0353883819274457
test_30_16,50.0,699.9188,75.77166143144568,667.06,679.7725,685.47,693.2574999999999,708.3679999999999,739.2069999999999,1001.3110999999992,1205.94,5741.344676081641,6.360589037857273,0.1549870226177185
test_30_18,50.0,915.9082,88.73922321899265,878.4,893.36,898.815,905.1,922.831,952.184,1263.219199999999,1515.04,7874.64973751021,6.552550987300395,0.07069846678023226
test_30_2,50.0,40.06640000000001,14.325114489694563,28.47,31.88,38.05,43.155,47.347,56.216499999999975,96.7631999999999,120.44,205.20890514285702,3.958895500255703,-0.09445676274944546
test_30_20,50.0,1157.033,97.72550930216404,1128.34,1133.655,1138.4,1147.5749999999998,1156.547,1171.7115,1551.046299999999,1818.16,9550.275168367361,6.609374904859733,0.3182471264367407
test_30_4,50.0,59.514,25.049805734714568,46.26,49.495000000000005,50.91,54.43,90.00200000000001,100.80699999999999,153.70199999999983,197.41,627.4927673469391,3.9552345415657526,0.4265450861195583
test_30_6,50.0,96.6506,35.09177300003115,79.33,83.4125,86.18,91.1725,109.545,161.6239999999999,238.54479999999978,293.66,1231.4325322857148,4.313899446189135,0.28672680412370677
test_30_8,50.0,153.329,42.95224611028355,134.08,139.88,141.64499999999998,150.325,165.486,187.05349999999996,346.43459999999976,407.42,1844.8954459183653,4.984419760038357,0.6620392532312135
test_35_10,50.0,314.43839999999994,59.73842302189484,284.63,296.3075,300.375,303.7275,334.49300000000005,391.2444999999999,553.5116999999995,687.61,3568.6791851428525,5.351894184409708,-0.09636118598381625
test_35_12,50.0,527.5588,65.45325696640468,506.9,511.135,513.4449999999999,518.7225,531.5,564.9614999999999,796.6817999999994,960.92,4284.128847510197,6.23803568964881,0.39110378912688093
test_35_14,50.0,724.6690000000001,75.71377757915745,701.14,705.71,708.615,716.7075,725.194,746.8285,1053.4061999999994,1216.88,5732.576115306134,6.026482080844266,0.4716981132075495
test_35_16,50.0,968.3542,93.36379904329041,931.1,942.765,950.47,956.775,967.6270000000001,1035.4434999999999,1338.1120999999991,1587.38,8716.798971795915,6.250729742155079,-0.09992862241256902
test_35_18,50.0,1278.0646000000002,104.89057772142691,1244.95,1254.095,1259.18,1266.705,1271.917,1301.3799999999999,1704.2038999999988,1985.41,11002.033294734687,6.555514868298486,0.19349722442506534
test_35_2,50.0,38.6616,17.169648155856848,26.99,30.355,32.745,42.3025,49.487,56.481999999999985,108.01139999999988,138.46,294.79681779591834,4.389474620374659,0.5999163004812725
test_35_20,50.0,1609.7112,126.69991402860988,1576.05,1582.7800000000002,1588.855,1593.5775,1602.182,1608.827,2117.8686999999986,2471.83,16052.868214857152,6.719615100515652,-0.12526047696225756
test_35_4,50.0,69.31199999999998,27.28987402847064,56.09,58.315,61.32,65.23,83.93600000000002,113.65599999999999,177.9046999999998,225.91,744.7372244897963,4.40278041713708,0.13087490961677517
test_35_6,50.0,119.30719999999998,36.899789393790876,101.64,105.6625,108.195,113.1025,135.189,167.89649999999986,280.24659999999983,319.28,1361.594457306121,4.232421354672593,0.3192204301075264
test_35_8,50.0,194.61180000000002,41.86557378231486,175.59,180.2825,182.89499999999998,190.3025,213.579,225.248,384.0682999999998,433.72,1752.7262681224481,4.711757879785182,0.47854291417166345
test_40_10,50.0,474.3514,60.670556958655574,449.22,458.0125,460.63,465.0625,484.407,517.8779999999998,728.9291999999995,866.09,3680.916481673468,5.871670412917249,0.2574468085106456
test_40_12,50.0,681.8559999999999,73.54712636071085,651.92,661.71,666.24,671.66,679.141,724.2509999999999,1008.4927999999995,1142.89,5409.179795918372,5.58165091247531,0.08944723618089234
test_40_14,50.0,960.5132000000001,83.17856993044224,924.79,939.42,943.52,948.8375,959.455,1029.6290000000001,1299.4250999999992,1505.23,6918.6744956734665,6.051861934475278,0.12928059463763955
test_40_16,50.0,1314.5446,101.51262718700647,1273.53,1284.02,1291.095,1311.425,1325.5320000000002,1361.4754999999998,1735.867199999999,1981.22,10304.813478408187,6.1028415491723145,0.48367086298119566
test_40_18,50.0,1702.2108,106.37162618146722,1653.07,1677.17,1681.665,1695.4850000000001,1711.295,1722.37,2120.533599999999,2421.57,11314.922856489811,6.582126127238364,0.5091455091455225
test_40_2,50.0,41.85240000000001,16.763256899467688,30.69,33.449999999999996,35.5,45.9975,50.62200000000001,63.84749999999997,105.69849999999988,138.21,281.0067818775509,4.2069789528717125,0.6732416816098814
test_40_20,50.0,2453.5728,119.89544290228339,2383.35,2424.6549999999997,2436.665,2451.5125,2464.0690000000004,2468.6974999999998,2905.5650999999984,3269.15,14374.91722873469,6.679362625959431,0.10565019082191673
test_40_4,50.0,82.06900000000002,29.962015221317287,67.39,70.43,72.78,77.28,98.74600000000002,128.36499999999998,200.85699999999977,256.57,897.7223561224479,4.531092545769031,0.31386861313868725
test_40_6,50.0,150.13639999999998,41.93606887262796,131.88,134.5075,137.79000000000002,142.325,166.471,199.6784999999999,337.27419999999984,376.68,1758.6338724897964,4.313341066917964,0.1602174608250645
test_40_8,50.0,253.05319999999995,47.26516227689507,233.12,237.13,239.95,244.1375,269.04699999999997,301.465,459.47289999999975,534.83,2233.9955650612237,4.948818057472828,0.1951480556546569
test_45_10,50.0,591.8846,65.3851016298274,567.44,573.615,577.255,582.075,593.375,634.2425,869.5872999999993,1012.78,4275.211515142853,5.830388464215741,0.13947990543735916
test_45_12,50.0,898.1452,73.41383026684399,860.61,876.47,883.745,890.375,897.502,952.105,1218.8497999999995,1358.98,5389.590474448973,5.5430274220952445,-0.046386192017258764
test_45_14,50.0,1232.0978,85.98926469042517,1198.07,1204.5975,1211.03,1223.3925,1241.739,1319.7029999999997,1583.357699999999,1777.04,7394.153642000015,5.597654146470776,0.315509444001058
test_45_16,50.0,1710.1118,85.37436987403042,1675.39,1686.35,1691.05,1701.87,1727.101,1734.568,2067.5214999999994,2272.17,7288.783031387762,6.154817361611183,0.39432989690720993
test_45_18,50.0,2530.9167999999995,124.28870675280886,2465.07,2499.4175,2508.575,2523.685,2542.859,2565.1655,3047.5752999999986,3351.88,15447.682626285701,6.197288786437434,0.245286906356252
test_45_2,50.0,45.8828,19.42778244616483,33.95,36.6025,38.685,43.29,63.24300000000001,73.503,116.97769999999986,151.9,377.43873077551035,3.717118303697401,0.3771962616822421
test_45_20,50.0,3243.6076000000003,122.9160343994623,3170.09,3194.8849999999998,3222.505,3255.2325,3274.5449999999996,3287.1895,3712.1368999999986,4053.76,15108.351512489764,6.069917878176965,0.08463482331496826
test_45_4,50.0,94.03559999999999,32.3330341064771,77.51,81.3125,84.175,92.02499999999999,105.09200000000001,149.51799999999997,223.76389999999975,279.08,1045.4250945306128,4.407309872536605,0.4655775962660431
test_45_6,50.0,179.2748,44.71935047719322,161.32,164.4675,166.535,173.5075,189.586,227.5799999999999,376.19439999999975,441.58,1999.8203071020396,4.845050447096379,0.542588495575225
test_45_8,50.0,324.5468,52.90606587034753,301.49,306.5425,310.35,314.605,336.863,384.3164999999999,545.8557999999996,651.0,2799.051805877554,5.245458198933712,0.05550387596899112
test_50_10,50.0,741.3436,68.93977604742697,714.95,721.3825,725.8399999999999,729.5799999999999,761.166,795.3349999999999,1036.5382999999995,1177.33,4752.692721469377,5.59932162132639,-0.08752668496489857
test_50_12,50.0,1112.5916,81.66952971030287,1073.63,1084.36,1097.8000000000002,1108.825,1118.466,1158.0244999999998,1460.5368999999994,1634.09,6669.912083102016,5.708746655621057,-0.09871244635194784
test_50_14,50.0,1587.2186000000002,92.46338138960742,1536.82,1560.9250000000002,1567.88,1585.0575000000001,1594.9060000000002,1640.0264999999997,1967.2434999999991,2191.1,8549.476897999995,6.006904176020896,0.4235988811768313
test_50_16,50.0,2407.9572,99.53374681616936,2335.82,2380.7349999999997,2393.9300000000003,2405.0550000000003,2427.5769999999998,2439.1130000000003,2809.388399999999,3061.66,9906.966755265248,6.046073348011465,-0.08511513157897063
test_50_18,50.0,3174.3062,123.20206034405594,3116.61,3141.095,3156.9300000000003,3166.72,3189.4049999999997,3205.9874999999997,3626.2768999999985,4013.96,15178.747673020402,6.716959122103768,-0.2359024390244286
test_50_2,50.0,48.89580000000001,19.873296008586443,37.58,39.7725,42.525000000000006,46.3625,67.191,73.80299999999998,122.83159999999982,164.07,394.9478942448981,4.303181685526156,0.16464339908952658
test_50_20,50.0,4244.883400000001,130.25748545390977,4174.18,4209.0,4219.264999999999,4239.95,4275.182000000001,4290.5685,4734.708299999998,5124.42,16967.012516775547,6.535273384437608,0.33667205169634745
test_50_4,50.0,109.79019999999998,35.134948267431696,92.97,95.815,97.78999999999999,105.9925,121.22200000000002,165.90949999999992,250.87249999999977,312.49,1234.4645897551025,4.475820783962695,0.6118889707688543
test_50_6,50.0,219.40279999999998,47.3154678958592,198.98,203.97,206.62,212.70250000000001,237.655,264.41849999999994,418.45179999999965,514.09,2238.753502204081,5.3538410707275315,0.3930718580017175
test_50_8,50.0,471.6754,60.866537913633906,446.43,454.0875,456.075,460.52750000000003,488.38,525.0939999999999,728.9923999999994,854.55,3704.7354375918335,5.496725752980968,0.3827639751552812
test_55_10,50.0,922.5038000000001,71.29522925018712,894.2,902.615,908.12,915.0825,922.779,964.0704999999998,1222.7990999999993,1386.17,5083.009713836743,5.981457944082635,0.11690395027070263
test_55_12,50.0,1362.6960000000001,90.93432795154975,1329.84,1337.85,1345.5700000000002,1353.045,1364.595,1403.9115,1732.580899999999,1968.56,8269.052000000003,6.338516671865546,-0.01612372490953228
test_55_14,50.0,2170.8702000000003,101.03751757194969,2099.21,2124.8025000000002,2158.54,2190.59,2201.983,2216.416,2578.6538999999993,2803.51,10208.57995710209,5.270769991040738,-0.025650769523085728
test_55_16,50.0,3068.9762,99.83078425648725,3018.71,3040.2925,3051.795,3061.1324999999997,3086.114,3124.2904999999996,3475.316699999999,3724.81,9966.185485265318,6.081170160981599,-0.10388675623804727
test_55_18,50.0,4108.649,111.13178571830278,4055.5,4079.31,4087.805,4102.51,4117.304,4148.2515,4551.066199999998,4854.19,12350.273796938707,6.43680220627963,0.26767241379310186
test_55_2,50.0,53.918,20.793084211352774,41.31,44.45,47.235,50.685,77.218,83.26449999999998,129.97279999999984,169.8,432.35235102040826,3.936918882255883,0.1066559743384132
test_55_20,50.0,5302.215999999999,145.5668345412764,5219.06,5250.86,5260.245,5287.7474999999995,5375.981000000001,5426.4365,5856.413999999999,6229.99,21189.703318367374,5.540576066918478,0.49115554049470855
test_55_4,50.0,126.56459999999998,37.05635797219237,109.09,112.73,115.37,120.605,137.894,177.49299999999982,287.81109999999984,324.37,1373.173666163265,4.182440555938506,0.3295238095238094
test_55_6,50.0,272.724,51.30862830728873,250.95,255.06,258.16499999999996,262.1825,296.84100000000007,330.48199999999997,495.4105999999997,571.88,2632.5753387755076,4.717279085748412,0.12811512811514722
test_55_8,50.0,566.8146,64.67074104876112,536.81,547.745,551.19,558.625,572.558,637.3229999999998,835.1313999999994,971.91,4182.304747795917,5.466795852544775,0.3667279411764507
test_60_10,50.0,1092.0926,82.79481204317884,1058.68,1066.275,1071.6,1082.6799999999998,1097.174,1171.4904999999997,1451.1845999999996,1598.41,6854.980901265309,5.249818279749686,0.35080768058519957
test_60_12,50.0,1669.7086,83.77314532469121,1629.92,1644.6574999999998,1649.685,1666.7725,1685.191,1713.2824999999998,2018.6292999999991,2213.37,7017.939877591836,5.911081316260253,0.5453312231516987
test_60_14,50.0,2793.2304000000004,82.07390967180936,2740.46,2768.99,2782.02,2792.3624999999997,2809.2140000000004,2813.299,3106.572699999999,3344.6,6736.126648816337,6.43222194922762,-0.11498555995297532
test_60_16,50.0,3755.5535999999993,94.57866119861522,3700.91,3718.4575,3735.875,3754.7325,3796.202,3805.9295,4112.425999999999,4374.87,8945.123154122468,5.965210759980485,0.03969676085459699
test_60_18,50.0,5072.971200000001,131.21066212649586,4977.28,5016.41,5034.719999999999,5092.5675,5168.177000000001,5191.6865,5570.112799999999,5865.23,17216.237855673488,4.748352571395248,0.5191543840068549
test_60_2,50.0,62.87080000000001,24.497431088977137,48.19,51.8775,55.015,59.4625,90.108,98.43499999999997,153.5297999999998,201.05,600.1241299591841,4.093215294932068,0.17270929466051446
test_60_20,50.0,6833.085599999999,142.8141042620205,6748.24,6794.1325,6808.695,6822.962500000001,6863.468000000001,6896.425,7405.395499999999,7775.86,20395.868376163366,6.142712654828866,-0.010232396808818772
test_60_4,50.0,145.77100000000002,34.80529453331807,128.99,133.1975,135.29500000000002,139.32,155.52100000000002,196.78049999999985,294.92199999999985,337.16,1211.408527551022,4.298799181311648,0.31482237648018807
test_60_6,50.0,327.918,53.99336792229055,308.26,311.1825,314.44,320.605,334.249,373.81049999999993,560.3058999999995,666.68,2915.283779591838,5.504714335181071,0.3085699124436214
test_60_8,50.0,672.4679999999998,63.07714120707391,646.58,653.8725,659.5250000000001,663.63,676.4920000000001,706.9485,948.7666999999994,1071.35,3978.7257428571356,5.64546438308302,-0.1585959518319364
