experiment,component,rules,clauses_per_rule,total_clauses,count,mean,std,min,25%,50%,75%,90%,95%,99%,max,variance
test_10_10,test_runner,10,10,100,50.0,88.24,54.12893149222325,64.0,70.0,73.0,79.0,114.4,121.55,334.2999999999997,398.0,2929.941224489796
test_10_10,enforcer,10,10,100,50.0,59.7946,26.52339169449473,45.05,48.894999999999996,51.16,55.9575,80.674,95.791,159.10969999999978,217.65,703.4903069795918
test_10_10,asmeta,10,10,100,50.0,22.44,14.08307712201029,16.0,17.0,18.0,21.0,33.0,38.0,74.69999999999986,109.0,198.33306122448954
test_10_12,test_runner,10,12,120,50.0,100.74,54.20513192060887,76.0,83.0,85.5,91.5,133.4,148.0,347.9399999999998,394.0,2938.1963265306126
test_10_12,enforcer,10,12,120,50.0,72.70320000000001,29.11724115379346,57.16,61.8925,63.43,68.9775,94.84100000000002,116.57599999999996,185.06519999999978,242.65,847.8137324081614
test_10_12,asmeta,10,12,120,50.0,29.8,18.00113375114275,23.0,23.0,24.0,26.0,43.400000000000006,54.0,102.20999999999987,137.0,324.04081632653055
test_10_14,test_runner,10,14,140,50.0,119.04,46.37467641121498,95.0,101.25,107.5,113.0,150.60000000000002,172.39999999999998,304.9999999999996,403.0,2150.6106122448978
test_10_14,enforcer,10,14,140,50.0,92.4966,34.61262472342856,73.77,78.0375,83.805,89.7975,107.72200000000004,140.17149999999998,226.74569999999972,302.73,1198.0337902448987
test_10_14,asmeta,10,14,140,50.0,41.06,23.316290179938623,31.0,32.25,35.0,39.0,52.000000000000014,65.94999999999997,131.66999999999976,189.0,543.6493877551022
test_10_16,test_runner,10,16,160,50.0,134.88,70.59647907043846,110.0,116.0,119.0,123.75,132.3,163.7499999999999,472.9299999999999,494.0,4983.86285714286
test_10_16,enforcer,10,16,160,50.0,106.8968,45.25927274208963,89.78,94.1,96.61,100.32499999999999,110.586,142.66249999999988,298.1746999999996,396.65,2048.4017691428576
test_10_16,asmeta,10,16,160,50.0,49.3,32.78579209452329,40.0,41.0,42.0,44.0,47.1,67.59999999999991,188.0299999999997,263.0,1074.9081632653051
test_10_18,test_runner,10,18,180,50.0,156.48,57.27528939700089,133.0,141.0,144.0,151.75,165.3,189.8499999999999,391.8799999999994,533.0,3280.458775510203
test_10_18,enforcer,10,18,180,50.0,133.179,53.356405588710125,113.4,117.0425,121.33,128.4375,141.77,162.95099999999996,354.29309999999947,483.07,2846.9060173469366
test_10_18,asmeta,10,18,180,50.0,62.42,40.669945780587405,50.0,52.0,54.0,56.0,65.9,84.29999999999998,227.64999999999958,333.0,1654.044489795918
test_10_2,test_runner,10,2,20,50.0,52.06,16.476835935609103,39.0,45.25,49.0,54.0,60.2,65.55,118.63999999999987,150.0,271.48612244897953
test_10_2,enforcer,10,2,20,50.0,29.041799999999995,12.18888665622777,18.85,23.665,26.545,30.1875,38.17700000000001,41.49549999999999,76.7509999999999,98.85,148.56895791836726
test_10_2,asmeta,10,2,20,50.0,3.06,3.986763814710588,1.0,2.0,2.0,3.0,5.200000000000003,7.0,19.64999999999997,27.0,15.89428571428572
test_10_20,test_runner,10,20,200,50.0,183.94,66.86245705375555,159.0,166.25,169.5,176.0,189.60000000000002,214.95,449.71999999999923,632.0,4470.588163265304
test_10_20,enforcer,10,20,200,50.0,160.922,62.17717354627888,137.42,144.42249999999999,147.815,152.51000000000002,166.35000000000002,191.48599999999996,408.23859999999934,577.22,3866.000910204079
test_10_20,asmeta,10,20,200,50.0,76.12,49.97086498089437,63.0,64.0,67.0,69.0,74.40000000000002,98.39999999999998,267.0399999999994,416.0,2497.087346938776
test_10_4,test_runner,10,4,40,50.0,65.3,43.0643799017997,47.0,53.0,56.0,59.75,77.0,81.39999999999998,254.22999999999965,339.0,1854.5408163265308
test_10_4,enforcer,10,4,40,50.0,36.2528,13.162429997100514,27.37,31.22,33.17,35.69,44.342000000000006,53.193,87.7760999999999,114.78,173.24956342857146
test_10_4,asmeta,10,4,40,50.0,6.96,4.882120649965172,4.0,4.0,7.0,7.0,8.100000000000001,10.099999999999994,25.74999999999995,38.0,23.835102040816324
test_10_6,test_runner,10,6,60,50.0,62.1,22.86361515507081,48.0,52.0,57.5,62.0,80.1,86.19999999999999,149.5699999999998,202.0,522.7448979591838
test_10_6,enforcer,10,6,60,50.0,40.553,18.846646456413968,27.97,31.075,37.099999999999994,40.4675,58.672000000000004,60.253499999999995,113.36889999999984,152.76,355.19608265306096
test_10_6,asmeta,10,6,60,50.0,10.9,8.779033464535184,6.0,7.0,8.0,12.0,14.200000000000003,18.0,44.43999999999991,66.0,77.07142857142856
test_10_8,test_runner,10,8,80,50.0,69.52,26.83984245216694,55.0,59.0,61.0,69.5,89.2,93.64999999999999,169.86999999999972,237.0,720.3771428571426
test_10_8,enforcer,10,8,80,50.0,47.94919999999999,22.5730228044587,35.02,38.125,39.97,48.29,67.883,71.39999999999999,130.07809999999978,184.62,509.54135853061234
test_10_8,asmeta,10,8,80,50.0,15.58,11.897675986408052,10.0,11.0,11.0,17.75,22.1,25.099999999999994,59.14999999999987,91.0,141.55469387755096
test_15_10,test_runner,15,10,150,50.0,113.42,42.361462078022704,92.0,99.0,103.5,107.75,125.1,171.79999999999995,280.9599999999996,377.0,1794.4934693877553
test_15_10,enforcer,15,10,150,50.0,88.87559999999999,35.22022321198492,71.05,74.9825,79.93,84.77499999999999,102.247,147.1015,227.87809999999973,298.1,1240.4641231020407
test_15_10,asmeta,15,10,150,50.0,47.78,24.312833597732297,37.0,39.0,41.0,45.0,56.2,84.64999999999999,145.0199999999998,195.0,591.1138775510202
test_15_12,test_runner,15,12,180,50.0,130.44,43.38539206804472,109.0,113.25,118.0,128.5,142.70000000000002,197.74999999999994,305.69999999999965,389.0,1882.2922448979584
test_15_12,enforcer,15,12,180,50.0,107.32539999999999,39.42015780883518,89.06,92.47,95.78,103.7575,120.046,172.3369999999999,267.0322999999997,337.46,1553.9488416734669
test_15_12,asmeta,15,12,180,50.0,62.18,27.876323067347013,51.0,52.0,54.0,59.25,68.50000000000003,105.49999999999991,176.0199999999998,226.0,777.0893877551018
test_15_14,test_runner,15,14,210,50.0,171.14,73.39743920350801,143.0,149.25,153.0,159.0,180.3,187.55,523.02,524.0,5387.184081632652
test_15_14,enforcer,15,14,210,50.0,141.93300000000002,51.50990494208717,121.95,125.8625,129.26999999999998,135.32,156.469,163.51,363.92449999999957,470.23,2653.270307142857
test_15_14,asmeta,15,14,210,50.0,87.0,38.86607040300613,73.0,75.25,77.5,82.0,94.30000000000001,103.49999999999997,256.1099999999997,335.0,1510.571428571428
test_15_16,test_runner,15,16,240,50.0,197.68,67.30601452943664,175.0,180.0,183.0,188.0,209.1,230.8499999999999,471.5399999999993,645.0,4530.099591836734
test_15_16,enforcer,15,16,240,50.0,174.26540000000006,63.051383781607136,151.2,157.625,160.95,164.455,181.782,205.88749999999993,431.5073999999994,593.08,3975.4769967755096
test_15_16,asmeta,15,16,240,50.0,111.1,49.66962279473671,96.0,99.25,101.0,104.75,111.30000000000001,131.64999999999998,309.77999999999946,446.0,2467.071428571428
test_15_18,test_runner,15,18,270,50.0,242.64,71.9403834818122,216.0,222.0,226.5,233.25,263.6,294.29999999999995,528.3499999999992,717.0,5175.418775510207
test_15_18,enforcer,15,18,270,50.0,219.6156,67.46733910234654,194.94,199.4475,203.82,211.6175,239.091,269.7469999999999,487.0747999999993,663.22,4551.84184555102
test_15_18,asmeta,15,18,270,50.0,144.0,55.44513743608291,124.0,129.0,131.0,137.75,152.1,187.99999999999994,361.07999999999936,512.0,3074.163265306122
test_15_2,test_runner,15,2,30,50.0,56.84,13.887830526568719,46.0,51.0,54.0,58.0,64.0,66.0,109.22999999999985,145.0,192.8718367346937
test_15_2,enforcer,15,2,30,50.0,33.17179999999999,10.907140086069441,24.09,28.2575,30.299999999999997,34.97,41.269,43.11599999999999,73.8808999999999,98.67,118.96570485714287
test_15_2,asmeta,15,2,30,50.0,5.1,3.7211475078946012,2.0,4.0,5.0,5.0,6.0,8.0,19.19999999999996,29.0,13.846938775510207
test_15_20,test_runner,15,20,300,50.0,297.24,85.94577312682308,262.0,269.0,273.5,280.75,321.3,410.54999999999995,657.2599999999993,817.0,7386.675918367347
test_15_20,enforcer,15,20,300,50.0,270.0948,77.0363749820002,240.04,247.01500000000001,250.975,259.7875,283.217,345.0974999999998,583.1310999999993,764.73,5934.603070367348
test_15_20,asmeta,15,20,300,50.0,179.24,63.14917873979205,158.0,162.0,164.0,169.75,182.70000000000002,241.3499999999999,434.6499999999994,589.0,3987.818775510202
test_15_4,test_runner,15,4,60,50.0,64.28,19.711221293921874,50.0,55.0,61.5,67.0,71.2,74.1,138.54999999999978,190.0,388.5322448979593
test_15_4,enforcer,15,4,60,50.0,40.6736,14.7960202536675,28.58,32.0875,39.865,45.2325,47.785000000000004,50.2605,96.52779999999987,129.74,218.92221534693874
test_15_4,asmeta,15,4,60,50.0,11.12,6.693402173264448,6.0,7.0,9.0,13.0,15.0,16.099999999999994,36.29999999999994,51.0,44.801632653061226
test_15_6,test_runner,15,6,90,50.0,70.22,28.924454733540838,52.0,59.0,62.0,66.5,95.30000000000001,99.64999999999999,183.25999999999976,245.0,836.6240816326535
test_15_6,enforcer,15,6,90,50.0,47.666000000000004,24.79917139827088,34.89,37.66,39.675,42.42,68.924,75.4075,145.4664999999998,193.07,614.9989020408161
test_15_6,asmeta,15,6,90,50.0,18.04,12.096482875579326,12.0,13.0,13.5,16.0,28.1,30.64999999999999,65.4799999999999,89.0,146.32489795918363
test_15_8,test_runner,15,8,120,50.0,90.68,46.684105585153,69.0,74.0,76.5,80.75,120.50000000000003,136.0,300.65999999999985,333.0,2179.4057142857155
test_15_8,enforcer,15,8,120,50.0,62.9392,27.272996276125415,49.25,51.3825,54.3,58.847500000000004,91.13300000000001,110.5355,165.6966999999998,215.76,743.8163258775514
test_15_8,asmeta,15,8,120,50.0,29.46,15.723646562565879,22.0,23.0,24.0,27.0,46.400000000000006,55.29999999999998,89.55999999999989,117.0,247.23306122448966
test_20_10,test_runner,20,10,200,50.0,142.56,45.267531275242995,121.0,125.0,130.5,139.75,161.0,179.75,340.9299999999997,411.0,2049.149387755103
test_20_10,enforcer,20,10,200,50.0,119.2964,41.07707423358968,98.83,102.5,107.695,117.5025,136.287,155.5525,300.31049999999976,356.93,1687.3260275918371
test_20_10,asmeta,20,10,200,50.0,76.64,29.666004731589556,63.0,66.0,68.5,74.0,84.10000000000002,104.79999999999995,208.32999999999984,249.0,880.0718367346942
test_20_12,test_runner,20,12,240,50.0,180.2,55.78201012029978,158.0,162.0,165.5,175.5,194.4,226.75,413.4799999999995,535.0,3111.6326530612255
test_20_12,enforcer,20,12,240,50.0,157.7626,51.51915747544394,136.38,140.4875,144.07999999999998,151.925,169.585,200.9855,375.09489999999954,483.38,2654.223586979593
test_20_12,asmeta,20,12,240,50.0,109.9,39.97767233987351,95.0,98.0,100.5,104.75,116.40000000000002,140.34999999999997,277.7999999999996,366.0,1598.214285714286
test_20_14,test_runner,20,14,280,50.0,245.94,89.21274961504969,211.0,216.25,223.5,236.0,287.4,321.15,598.1099999999991,824.0,7958.914693877548
test_20_14,enforcer,20,14,280,50.0,216.99720000000002,65.62416516211455,190.07,194.325,199.305,213.0225,253.47400000000002,279.83349999999996,472.13399999999933,637.95,4306.531053224492
test_20_14,asmeta,20,14,280,50.0,158.02,53.806717583800435,138.0,141.0,143.5,151.5,176.9,207.24999999999994,365.93999999999943,510.0,2895.1628571428587
test_20_16,test_runner,20,16,320,50.0,325.76,69.18521724844322,297.0,303.0,308.0,317.75,340.1,389.2499999999999,600.9899999999993,772.0,4786.594285714287
test_20_16,enforcer,20,16,320,50.0,301.94859999999994,65.37493131880733,275.85,281.46500000000003,284.43,293.945,315.408,365.5334999999999,562.2869999999994,721.88,4273.881644938775
test_20_16,asmeta,20,16,320,50.0,232.74,52.85706949801859,214.0,217.25,219.5,226.5,239.30000000000004,278.29999999999995,443.24999999999943,578.0,2793.8697959183683
test_20_18,test_runner,20,18,360,50.0,383.38,80.21244496043373,355.0,363.0,367.0,370.75,386.1,435.5499999999998,714.4699999999992,909.0,6434.036326530613
test_20_18,enforcer,20,18,360,50.0,359.5784,75.3100072858034,334.61,340.53499999999997,343.12,347.55,363.339,412.4659999999998,668.9064999999993,852.24,5671.597197387751
test_20_18,asmeta,20,18,360,50.0,278.24,61.50346265347462,261.0,263.25,265.0,267.0,280.0,313.4499999999998,528.7099999999994,686.0,3782.6759183673485
test_20_2,test_runner,20,2,40,50.0,53.14,17.056939457988044,39.0,46.0,49.0,55.0,65.0,69.19999999999999,117.81999999999984,158.0,290.9391836734697
test_20_2,enforcer,20,2,40,50.0,31.240800000000004,13.110833476517792,21.23,25.2,28.275,31.4225,42.765,45.95449999999999,82.01959999999988,108.46,171.89395444897963
test_20_2,asmeta,20,2,40,50.0,6.36,4.702409282615082,3.0,3.25,6.0,7.0,8.100000000000001,12.549999999999997,24.19999999999996,34.0,22.11265306122449
test_20_20,test_runner,20,20,400,50.0,539.14,95.6953094195215,506.0,514.25,519.5,526.75,541.3,580.55,937.309999999999,1173.0,9157.59224489796
test_20_20,enforcer,20,20,400,50.0,514.5734,91.10211934652547,483.8,490.3725,496.6,501.8775,519.669,553.8805,894.1830999999991,1117.53,8299.596149428573
test_20_20,asmeta,20,20,400,50.0,418.32,76.81741936805318,392.0,400.25,403.5,407.0,417.2,440.1,733.0999999999992,934.0,5900.915918367353
test_20_4,test_runner,20,4,80,50.0,76.08,61.04526256502346,52.0,55.0,59.0,70.0,79.2,154.34999999999968,351.55,354.0,3726.5240816326505
test_20_4,enforcer,20,4,80,50.0,43.373599999999996,19.215995225066962,30.75,34.0575,36.334999999999994,48.765,54.480000000000004,61.00949999999999,114.42579999999981,160.77,369.25447248979634
test_20_4,asmeta,20,4,80,50.0,15.44,8.781148639476015,10.0,11.0,12.0,19.0,22.0,23.0,46.43999999999991,68.0,77.10857142857147
test_20_6,test_runner,20,6,120,50.0,82.78,30.20358810959185,65.0,70.25,73.0,78.0,113.2,125.29999999999998,202.58999999999978,256.0,912.2567346938768
test_20_6,enforcer,20,6,120,50.0,60.76959999999999,26.233558112945836,47.49,49.8625,52.34,55.572500000000005,90.46600000000001,101.81649999999999,162.4975999999998,206.48,688.1995712653058
test_20_6,asmeta,20,6,120,50.0,29.68,15.926412409733024,22.0,23.0,24.0,27.0,49.0,53.29999999999998,92.0099999999999,117.0,253.65061224489799
test_20_8,test_runner,20,8,160,50.0,116.04,36.658913218579556,95.0,102.25,105.5,114.75,132.0,170.94999999999993,261.0099999999997,335.0,1343.875918367347
test_20_8,enforcer,20,8,160,50.0,91.892,33.04916998556384,73.67,78.845,82.18,90.3725,106.042,146.34099999999995,222.39849999999976,284.31,1092.2476367346944
test_20_8,asmeta,20,8,160,50.0,53.38,22.3121546449006,41.0,44.0,46.0,51.0,67.4,91.44999999999995,141.75999999999985,179.0,497.83224489795896
test_25_10,test_runner,25,10,250,50.0,198.14,63.12346502478058,170.0,176.25,181.5,187.5,224.10000000000002,266.1999999999999,479.90999999999974,549.0,3984.5718367346954
test_25_10,enforcer,25,10,250,50.0,169.7278,50.84769191037333,148.0,152.9375,156.89499999999998,163.2,198.913,211.547,378.66439999999955,491.58,2585.4877726122454
test_25_10,asmeta,25,10,250,50.0,122.86,38.938994672724256,107.0,111.0,113.0,117.75,138.9,154.64999999999998,281.8599999999996,373.0,1516.2453061224478
test_25_12,test_runner,25,12,300,50.0,257.2,67.7335716959757,226.0,232.0,241.5,250.75,284.3,312.29999999999995,526.9099999999993,694.0,4587.836734693877
test_25_12,enforcer,25,12,300,50.0,233.22,63.76312657174272,204.14,209.51749999999998,217.27,226.2975,261.866,285.5455,488.5008999999994,642.65,4065.7363102040813
test_25_12,asmeta,25,12,300,50.0,179.22,52.43744183426999,157.0,162.25,166.0,174.25,208.0,218.79999999999995,387.6799999999995,519.0,2749.6853061224474
test_25_14,test_runner,25,14,350,50.0,351.34,70.87373365675735,326.0,330.25,335.0,339.75,356.0,423.14999999999986,643.2799999999993,804.0,5023.086122448981
test_25_14,enforcer,25,14,350,50.0,328.27279999999996,66.73256400081183,304.07,308.4925,312.385,317.36749999999995,334.524,398.7524999999998,603.1339999999993,752.78,4453.235098122444
test_25_14,asmeta,25,14,350,50.0,266.76,54.44808798951793,248.0,252.25,254.0,258.5,267.7,321.4999999999999,490.10999999999945,618.0,2964.5942857142836
test_25_16,test_runner,25,16,400,50.0,555.06,74.49843444458331,525.0,536.0,538.0,545.25,558.9,592.9499999999999,889.1099999999994,1017.0,5550.016734693871
test_25_16,enforcer,25,16,400,50.0,530.1880000000001,67.06120971902902,500.66,511.9625,515.845,520.305,538.992,567.435,818.9699999999995,960.09,4497.205848979596
test_25_16,asmeta,25,16,400,50.0,457.52,54.465581717601545,435.0,443.25,446.0,449.0,461.4,485.79999999999995,689.9699999999996,811.0,2966.4995918367385
test_25_18,test_runner,25,18,450,50.0,650.28,91.91967211891578,612.0,625.5,632.0,638.0,660.4,691.8999999999999,1047.019999999999,1244.0,8449.226122448967
test_25_18,enforcer,25,18,450,50.0,625.3116,87.21220141091942,589.21,602.5999999999999,606.56,614.915,633.408,664.5864999999999,1002.9462999999993,1187.74,7605.96807493877
test_25_18,asmeta,25,18,450,50.0,538.94,72.99466293042617,510.0,520.25,523.0,529.0,543.1,568.0,855.6699999999994,1011.0,5328.220816326526
test_25_2,test_runner,25,2,50,50.0,54.56,17.734044280158212,44.0,46.0,51.0,56.75,67.0,75.1,120.85999999999983,163.0,314.49632653061195
test_25_2,enforcer,25,2,50,50.0,32.815,13.789117751594803,22.92,25.2275,31.185,34.905,40.61200000000001,52.067499999999995,84.39279999999988,112.95,190.1397683673469
test_25_2,asmeta,25,2,50,50.0,7.96,5.364128778377754,4.0,5.0,7.5,9.0,10.100000000000001,14.0,28.239999999999952,40.0,28.773877551020423
test_25_20,test_runner,25,20,500,50.0,831.9,113.73963285342829,789.0,803.0,812.5,822.0,834.5,873.9499999999999,1278.5799999999986,1601.0,12936.704081632653
test_25_20,enforcer,25,20,500,50.0,806.9051999999999,109.4904752588469,765.33,777.3375,790.53,796.4075,808.499,848.6504999999999,1237.2564999999986,1546.52,11988.164172408164
test_25_20,asmeta,25,20,500,50.0,703.94,94.62631337885603,667.0,679.5,689.0,696.0,706.3,737.3499999999999,1070.1299999999987,1346.0,8954.139183673471
test_25_4,test_runner,25,4,100,50.0,79.66,51.36409052945811,56.0,61.0,65.0,73.5,101.1,113.99999999999994,307.0699999999997,384.0,2638.269795918367
test_25_4,enforcer,25,4,100,50.0,51.123000000000005,22.77969694392669,37.82,40.307500000000005,43.595,47.8675,75.67,78.878,137.15779999999984,176.74,518.9145928571428
test_25_4,asmeta,25,4,100,50.0,21.8,12.150417814265671,16.0,16.0,17.0,20.75,33.0,34.64999999999999,67.4799999999999,91.0,147.6326530612245
test_25_6,test_runner,25,6,150,50.0,99.78,35.082578966472454,83.0,86.25,90.0,95.5,113.10000000000002,152.64999999999998,240.84999999999974,307.0,1230.7873469387746
test_25_6,enforcer,25,6,150,50.0,77.64880000000001,31.2420760657476,62.57,65.48,68.42500000000001,72.545,90.58300000000003,131.1685,202.67369999999977,255.04,976.0673168979598
test_25_6,asmeta,25,6,150,50.0,44.82,19.76875498025577,36.0,37.0,38.0,42.0,57.300000000000004,80.55,123.16999999999987,156.0,390.8036734693878
test_25_8,test_runner,25,8,200,50.0,136.38,37.94512149009355,117.0,123.25,127.0,130.0,151.2,187.8999999999999,298.6699999999998,356.0,1439.8322448979595
test_25_8,enforcer,25,8,200,50.0,113.4568,34.67332795079921,95.82,101.2525,103.78999999999999,108.7775,127.98100000000001,165.6589999999999,261.7093999999998,306.76,1202.2396711836727
test_25_8,asmeta,25,8,200,50.0,75.14,24.297484542685496,64.0,67.0,68.0,71.0,78.70000000000002,113.49999999999991,178.6199999999999,209.0,590.3677551020409
test_30_10,test_runner,30,10,300,50.0,247.42,58.64493297178627,226.0,230.0,232.0,239.25,260.1,282.79999999999995,503.7899999999995,616.0,3439.228163265307
test_30_10,enforcer,30,10,300,50.0,223.64860000000002,54.87389978479601,201.38,207.33499999999998,209.98,215.3075,237.507,261.174,465.4954999999996,564.01,3011.144877591838
test_30_10,asmeta,30,10,300,50.0,176.12,42.82553119867842,158.0,164.0,165.5,170.5,183.2,203.39999999999992,365.0899999999997,443.0,1834.0261224489775
test_30_12,test_runner,30,12,360,50.0,360.62,69.93375582707989,329.0,338.0,341.0,349.0,376.0,445.64999999999975,646.4699999999993,792.0,4890.730204081638
test_30_12,enforcer,30,12,360,50.0,336.6071999999999,65.85994444118455,308.83,314.75250000000005,318.205,325.11,352.35900000000004,420.92899999999975,607.6798999999994,738.26,4337.5322817959195
test_30_12,asmeta,30,12,360,50.0,280.4,53.708206342899096,259.0,264.0,266.0,270.75,287.20000000000005,343.89999999999986,503.25999999999954,614.0,2884.5714285714275
test_30_14,test_runner,30,14,420,50.0,560.18,73.81601231080822,534.0,540.0,545.0,550.75,561.6,589.4999999999999,884.0399999999994,1033.0,5448.803673469388
test_30_14,enforcer,30,14,420,50.0,536.5156000000001,69.31539791711626,512.21,516.7475,522.165,527.98,539.3480000000001,564.9949999999999,842.5367999999995,977.62,4804.624388408156
test_30_14,asmeta,30,14,420,50.0,471.2,56.27120915345466,452.0,456.25,460.0,464.75,470.1,485.44999999999993,720.7499999999995,831.0,3166.448979591834
test_30_16,test_runner,30,16,480,50.0,724.4,80.0142844390032,691.0,703.25,709.5,716.0,730.0,761.9999999999999,1042.9299999999992,1260.0,6402.285714285709
test_30_16,enforcer,30,16,480,50.0,699.9188,75.77166143144568,667.06,679.7725,685.47,693.2574999999999,708.3679999999999,739.2069999999999,1001.3110999999992,1205.94,5741.344676081641
test_30_16,asmeta,30,16,480,50.0,622.0,63.32875028172353,595.0,605.25,609.0,615.75,633.1,652.05,870.5999999999992,1047.0,4010.530612244894
test_30_18,test_runner,30,18,540,50.0,940.32,92.70920963432063,900.0,917.25,923.0,930.75,947.7,976.4,1301.909999999999,1567.0,8594.997551020411
test_30_18,enforcer,30,18,540,50.0,915.9082,88.73922321899265,878.4,893.36,898.815,905.1,922.831,952.184,1263.219199999999,1515.04,7874.64973751021
test_30_18,asmeta,30,18,540,50.0,823.76,76.15895300257863,797.0,806.0,810.5,814.75,832.2,850.0999999999999,1115.1299999999992,1342.0,5800.186122448975
test_30_2,test_runner,30,2,60,50.0,69.54,49.03360363785519,49.0,54.0,60.0,65.75,72.1,90.14999999999996,281.11999999999955,385.0,2404.2942857142853
test_30_2,enforcer,30,2,60,50.0,40.06640000000001,14.325114489694563,28.47,31.88,38.05,43.155,47.347,56.216499999999975,96.7631999999999,120.44,205.20890514285702
test_30_2,asmeta,30,2,60,50.0,11.4,6.493324672779145,7.0,7.0,9.0,13.75,17.200000000000003,19.0,35.19999999999996,45.0,42.16326530612245
test_30_20,test_runner,30,20,600,50.0,1182.36,101.79807143035066,1149.0,1158.25,1164.0,1172.75,1182.2,1194.8999999999999,1592.679999999999,1871.0,10362.84734693878
test_30_20,enforcer,30,20,600,50.0,1157.033,97.72550930216404,1128.34,1133.655,1138.4,1147.5749999999998,1156.547,1171.7115,1551.046299999999,1818.16,9550.275168367361
test_30_20,asmeta,30,20,600,50.0,1046.88,83.66859796670603,1020.0,1027.25,1032.5,1038.0,1045.4,1052.3,1379.329999999999,1616.0,7000.434285714273
test_30_4,test_runner,30,4,120,50.0,81.78,29.24023646572354,65.0,70.25,74.0,76.0,112.60000000000001,123.55,193.21999999999974,253.0,854.9914285714285
test_30_4,enforcer,30,4,120,50.0,59.514,25.049805734714568,46.26,49.495000000000005,50.91,54.43,90.00200000000001,100.80699999999999,153.70199999999983,197.41,627.4927673469391
test_30_4,asmeta,30,4,120,50.0,29.4,14.543390391570748,22.0,23.0,24.0,26.75,50.2,54.19999999999999,82.5199999999999,108.0,211.51020408163274
test_30_6,test_runner,30,6,180,50.0,118.82,38.54109389168072,100.0,105.0,108.5,113.0,130.1,184.39999999999992,276.33999999999975,342.0,1485.4159183673473
test_30_6,enforcer,30,6,180,50.0,96.6506,35.09177300003115,79.33,83.4125,86.18,91.1725,109.545,161.6239999999999,238.54479999999978,293.66,1231.4325322857148
test_30_6,asmeta,30,6,180,50.0,61.86,23.950638012889975,51.0,53.0,54.0,57.75,70.00000000000001,108.49999999999997,158.69999999999987,193.0,573.6330612244897
test_30_8,test_runner,30,8,240,50.0,176.34,46.83475510466863,156.0,162.0,164.0,171.5,188.3,212.39999999999998,384.5399999999997,460.0,2193.4942857142837
test_30_8,enforcer,30,8,240,50.0,153.329,42.95224611028355,134.08,139.88,141.64499999999998,150.325,165.486,187.05349999999996,346.43459999999976,407.42,1844.8954459183653
test_30_8,asmeta,30,8,240,50.0,112.06,30.912919167050067,99.0,102.0,104.0,108.75,116.5,136.95,253.24999999999986,290.0,955.6085714285714
test_35_10,test_runner,35,10,350,50.0,338.38,63.36254285249838,305.0,322.0,323.5,327.0,359.4,415.1499999999999,590.9999999999994,738.0,4014.811836734694
test_35_10,enforcer,35,10,350,50.0,314.43839999999994,59.73842302189484,284.63,296.3075,300.375,303.7275,334.49300000000005,391.2444999999999,553.5116999999995,687.61,3568.6791851428525
test_35_10,asmeta,35,10,350,50.0,261.42,48.258271998969576,238.0,247.0,250.0,254.0,274.8,315.4999999999999,456.74999999999955,567.0,2328.860816326528
test_35_12,test_runner,35,12,420,50.0,551.34,69.6142754536652,528.0,534.0,536.5,543.25,552.8,588.3,836.1299999999993,1014.0,4846.147346938776
test_35_12,enforcer,35,12,420,50.0,527.5588,65.45325696640468,506.9,511.135,513.4449999999999,518.7225,531.5,564.9614999999999,796.6817999999994,960.92,4284.128847510197
test_35_12,asmeta,35,12,420,50.0,468.48,53.90098253619637,451.0,456.0,457.0,461.0,467.0,496.69999999999993,687.8599999999994,828.0,2905.315918367345
test_35_14,test_runner,35,14,490,50.0,755.04,99.17619036187001,722.0,729.0,733.0,740.0,750.4,773.8499999999999,1232.7199999999998,1268.0,9835.916734693885
test_35_14,enforcer,35,14,490,50.0,724.6690000000001,75.71377757915745,701.14,705.71,708.615,716.7075,725.194,746.8285,1053.4061999999994,1216.88,5732.576115306134
test_35_14,asmeta,35,14,490,50.0,654.86,62.93793833319179,633.0,639.0,642.5,646.5,656.0,668.25,926.3699999999994,1067.0,3961.18408163265
test_35_16,test_runner,35,16,560,50.0,993.58,97.29989198139859,955.0,968.0,974.0,981.5,995.4,1061.8499999999997,1378.339999999999,1640.0,9467.268979591812
test_35_16,enforcer,35,16,560,50.0,968.3542,93.36379904329041,931.1,942.765,950.47,956.775,967.6270000000001,1035.4434999999999,1338.1120999999991,1587.38,8716.798971795915
test_35_16,asmeta,35,16,560,50.0,885.1,79.65595664212077,855.0,865.25,871.0,874.0,885.2,935.1999999999998,1199.9299999999992,1417.0,6345.071428571428
test_35_18,test_runner,35,18,630,50.0,1305.22,109.86286256705935,1270.0,1278.25,1283.0,1293.0,1298.5,1359.25,1747.0199999999988,2042.0,12069.848571428565
test_35_18,enforcer,35,18,630,50.0,1278.0646000000002,104.89057772142691,1244.95,1254.095,1259.18,1266.705,1271.917,1301.3799999999999,1704.2038999999988,1985.41,11002.033294734687
test_35_18,asmeta,35,18,630,50.0,1179.06,90.64742417853955,1149.0,1159.25,1163.5,1169.0,1176.0,1191.1,1544.079999999999,1793.0,8216.95551020408
test_35_2,test_runner,35,2,70,50.0,60.96,22.79452136109974,47.0,51.0,54.5,64.0,72.30000000000001,81.29999999999998,152.0199999999998,202.0,519.590204081632
test_35_2,enforcer,35,2,70,50.0,38.6616,17.169648155856848,26.99,30.355,32.745,42.3025,49.487,56.481999999999985,108.01139999999988,138.46,294.79681779591834
test_35_2,asmeta,35,2,70,50.0,12.04,7.682367832263965,8.0,8.0,9.0,14.75,16.1,17.549999999999997,43.74999999999995,56.0,59.01877551020408
test_35_20,test_runner,35,20,700,50.0,1635.28,130.60456597325083,1601.0,1608.0,1613.0,1619.0,1627.1,1633.4,2157.0099999999984,2525.0,17057.552653061215
test_35_20,enforcer,35,20,700,50.0,1609.7112,126.69991402860988,1576.05,1582.7800000000002,1588.855,1593.5775,1602.182,1608.827,2117.8686999999986,2471.83,16052.868214857152
test_35_20,asmeta,35,20,700,50.0,1492.84,109.676399708694,1464.0,1470.0,1475.0,1479.0,1486.3,1490.0,1926.4399999999987,2242.0,12028.912653061221
test_35_4,test_runner,35,4,140,50.0,91.52,31.065592226902144,75.0,79.5,84.0,86.75,105.60000000000002,135.55,215.76999999999975,278.0,965.0710204081626
test_35_4,enforcer,35,4,140,50.0,69.31199999999998,27.28987402847064,56.09,58.315,61.32,65.23,83.93600000000002,113.65599999999999,177.9046999999998,225.91,744.7372244897963
test_35_4,asmeta,35,4,140,50.0,38.3,16.76031513025056,30.0,31.0,33.0,35.75,47.50000000000002,65.64999999999999,105.4999999999999,130.0,280.90816326530626
test_35_6,test_runner,35,6,210,50.0,141.78,40.977988118062605,123.0,127.25,129.5,135.0,155.60000000000002,190.84999999999985,319.64999999999975,376.0,1679.195510204082
test_35_6,enforcer,35,6,210,50.0,119.30719999999998,36.899789393790876,101.64,105.6625,108.195,113.1025,135.189,167.89649999999986,280.24659999999983,319.28,1361.594457306121
test_35_6,asmeta,35,6,210,50.0,83.58,26.7811157957488,71.0,73.0,75.0,79.0,98.10000000000002,124.94999999999992,198.9499999999999,221.0,717.2281632653061
test_35_8,test_runner,35,8,280,50.0,218.94,44.85141455690223,197.0,204.25,207.0,213.75,235.3,249.2,421.25999999999976,483.0,2011.6493877550997
test_35_8,enforcer,35,8,280,50.0,194.61180000000002,41.86557378231486,175.59,180.2825,182.89499999999998,190.3025,213.579,225.248,384.0682999999998,433.72,1752.7262681224481
test_35_8,asmeta,35,8,280,50.0,152.26,31.547055879968863,139.0,142.0,143.0,149.0,162.70000000000002,176.1,296.65999999999985,329.0,995.216734693877
test_40_10,test_runner,40,10,400,50.0,498.88,66.39819274648971,471.0,481.0,485.0,488.0,507.1,542.8999999999999,776.1599999999994,931.0,4408.72
test_40_10,enforcer,40,10,400,50.0,474.3514,60.670556958655574,449.22,458.0125,460.63,465.0625,484.407,517.8779999999998,728.9291999999995,866.09,3680.916481673468
test_40_10,asmeta,40,10,400,50.0,420.6,49.27349745066214,400.0,407.25,411.0,413.0,423.3,453.84999999999985,627.2999999999995,740.0,2427.877551020408
test_40_12,test_runner,40,12,480,50.0,706.74,77.16767061247285,673.0,686.25,691.0,695.75,707.4,747.9999999999999,1047.4899999999993,1194.0,5954.849387755093
test_40_12,enforcer,40,12,480,50.0,681.8559999999999,73.54712636071085,651.92,661.71,666.24,671.66,679.141,724.2509999999999,1008.4927999999995,1142.89,5409.179795918372
test_40_12,asmeta,40,12,480,50.0,618.24,61.04784339903802,595.0,603.0,606.0,609.75,615.4,641.6999999999999,891.7699999999995,1003.0,3726.8391836734704
test_40_14,test_runner,40,14,560,50.0,984.12,87.80350046483085,948.0,961.25,967.0,973.0,980.7,1058.05,1339.499999999999,1560.0,7709.454693877558
test_40_14,enforcer,40,14,560,50.0,960.5132000000001,83.17856993044224,924.79,939.42,943.52,948.8375,959.455,1029.6290000000001,1299.4250999999992,1505.23,6918.6744956734665
test_40_14,asmeta,40,14,560,50.0,884.72,68.79488590389995,853.0,867.0,870.5,877.0,885.7,945.3,1158.1699999999992,1338.0,4732.736326530619
test_40_16,test_runner,40,16,640,50.0,1340.22,105.5789268553075,1295.0,1309.0,1317.5,1336.75,1348.1,1387.1499999999999,1777.749999999999,2035.0,11146.909795918373
test_40_16,enforcer,40,16,640,50.0,1314.5446,101.51262718700647,1273.53,1284.02,1291.095,1311.425,1325.5320000000002,1361.4754999999998,1735.867199999999,1981.22,10304.813478408187
test_40_16,asmeta,40,16,640,50.0,1226.48,86.73893271754956,1191.0,1201.0,1206.5,1223.75,1236.1,1260.6999999999998,1584.3799999999992,1799.0,7523.6424489796
test_40_18,test_runner,40,18,720,50.0,1728.46,110.32368147355106,1680.0,1702.25,1709.0,1719.75,1739.1,1748.6,2161.8899999999985,2475.0,12171.314693877559
test_40_18,enforcer,40,18,720,50.0,1702.2108,106.37162618146722,1653.07,1677.17,1681.665,1695.4850000000001,1711.295,1722.37,2120.533599999999,2421.57,11314.922856489811
test_40_18,asmeta,40,18,720,50.0,1597.2,90.99719663768974,1556.0,1575.0,1580.5,1592.75,1604.4,1614.1,1949.419999999999,2215.0,8280.48979591839
test_40_2,test_runner,40,2,80,50.0,63.46,20.280894799725946,49.0,54.0,57.0,68.0,72.1,85.79999999999995,140.93999999999983,187.0,411.3146938775513
test_40_2,enforcer,40,2,80,50.0,41.85240000000001,16.763256899467688,30.69,33.449999999999996,35.5,45.9975,50.62200000000001,63.84749999999997,105.69849999999988,138.21,281.0067818775509
test_40_2,asmeta,40,2,80,50.0,15.08,7.811138044550258,10.0,11.0,11.0,18.75,21.1,25.64999999999999,43.29999999999994,58.0,61.01387755102044
test_40_20,test_runner,40,20,800,50.0,2479.8,123.32601559463833,2409.0,2451.25,2464.0,2474.75,2489.3,2495.55,2943.6799999999985,3320.0,15209.306122448977
test_40_20,enforcer,40,20,800,50.0,2453.5728,119.89544290228339,2383.35,2424.6549999999997,2436.665,2451.5125,2464.0690000000004,2468.6974999999998,2905.5650999999984,3269.15,14374.91722873469
test_40_20,asmeta,40,20,800,50.0,2328.68,104.7809065018381,2261.0,2304.25,2313.0,2327.5,2338.6,2345.55,2715.1499999999987,3041.0,10979.03836734693
test_40_4,test_runner,40,4,160,50.0,109.42,48.84088701997497,87.0,92.0,95.0,100.0,138.60000000000002,164.75,330.4599999999999,353.0,2385.432244897959
test_40_4,enforcer,40,4,160,50.0,82.06900000000002,29.962015221317287,67.39,70.43,72.78,77.28,98.74600000000002,128.36499999999998,200.85699999999977,256.57,897.7223561224479
test_40_4,asmeta,40,4,160,50.0,50.08,19.7048010310551,41.0,42.0,44.0,47.5,63.50000000000002,78.64999999999999,127.26999999999984,165.0,388.2791836734698
test_40_6,test_runner,40,6,240,50.0,173.18,45.46525473100426,152.0,158.0,160.0,165.75,189.0,225.6999999999999,375.0799999999998,428.0,2067.0893877551016
test_40_6,enforcer,40,6,240,50.0,150.13639999999998,41.93606887262796,131.88,134.5075,137.79000000000002,142.325,166.471,199.6784999999999,337.27419999999984,376.68,1758.6338724897964
test_40_6,asmeta,40,6,240,50.0,111.94,30.185420186519423,98.0,101.0,103.0,107.0,122.20000000000002,151.54999999999995,246.4199999999999,267.0,911.1595918367351
test_40_8,test_runner,40,8,320,50.0,276.1,51.00550190410635,254.0,258.25,262.0,268.5,289.90000000000003,327.79999999999995,497.26999999999964,584.0,2601.5612244897943
test_40_8,enforcer,40,8,320,50.0,253.05319999999995,47.26516227689507,233.12,237.13,239.95,244.1375,269.04699999999997,301.465,459.47289999999975,534.83,2233.9955650612237
test_40_8,asmeta,40,8,320,50.0,208.14,36.340234631345254,192.0,196.0,198.0,202.0,220.4,246.79999999999995,367.13999999999976,423.0,1320.6126530612237
test_45_10,test_runner,45,10,450,50.0,616.14,69.58184433618078,589.0,596.25,600.0,606.75,619.9000000000001,664.65,910.1399999999994,1064.0,4841.633061224483
test_45_10,enforcer,45,10,450,50.0,591.8846,65.3851016298274,567.44,573.615,577.255,582.075,593.375,634.2425,869.5872999999993,1012.78,4275.211515142853
test_45_10,asmeta,45,10,450,50.0,534.3,51.83303256906858,514.0,520.0,523.0,527.75,536.3000000000001,559.2,754.8699999999995,871.0,2686.663265306126
test_45_12,test_runner,45,12,540,50.0,923.18,77.24323892214562,883.0,901.25,906.5,915.75,923.2,976.15,1258.1599999999994,1413.0,5966.517959183676
test_45_12,enforcer,45,12,540,50.0,898.1452,73.41383026684399,860.61,876.47,883.745,890.375,897.502,952.105,1218.8497999999995,1358.98,5389.590474448973
test_45_12,asmeta,45,12,540,50.0,830.62,60.06693205525493,798.0,814.0,818.0,824.75,831.4,866.1,1094.3399999999995,1209.0,3608.036326530613
test_45_14,test_runner,45,14,630,50.0,1257.34,90.24402518523125,1224.0,1229.0,1235.5,1247.75,1266.3,1348.8499999999997,1623.749999999999,1832.0,8143.98408163266
test_45_14,enforcer,45,14,630,50.0,1232.0978,85.98926469042517,1198.07,1204.5975,1211.03,1223.3925,1241.739,1319.7029999999997,1583.357699999999,1777.04,7394.153642000015
test_45_14,asmeta,45,14,630,50.0,1152.16,71.8130679938817,1123.0,1129.0,1133.5,1145.5,1161.6,1219.1499999999996,1449.2199999999993,1607.0,5157.116734693896
test_45_16,test_runner,45,16,720,50.0,1735.48,88.84732145997562,1698.0,1710.25,1717.5,1725.75,1751.3,1761.0,2104.459999999999,2323.0,7893.8465306122425
test_45_16,enforcer,45,16,720,50.0,1710.1118,85.37436987403042,1675.39,1686.35,1691.05,1701.87,1727.101,1734.568,2067.5214999999994,2272.17,7288.783031387762
test_45_16,asmeta,45,16,720,50.0,1616.3,71.15382875811233,1589.0,1596.0,1602.0,1610.25,1625.4,1639.2,1913.9899999999993,2085.0,5062.867346938778
test_45_18,test_runner,45,18,810,50.0,2556.7,128.3638403531309,2489.0,2524.0,2534.5,2548.25,2570.1,2592.3,3088.4799999999987,3406.0,16477.275510204105
test_45_18,enforcer,45,18,810,50.0,2530.9167999999995,124.28870675280886,2465.07,2499.4175,2508.575,2523.685,2542.859,2565.1655,3047.5752999999986,3351.88,15447.682626285701
test_45_18,asmeta,45,18,810,50.0,2419.18,107.52421464346472,2364.0,2391.25,2400.0,2413.25,2429.4,2444.25,2865.3999999999987,3130.0,11561.456734693857
test_45_2,test_runner,45,2,90,50.0,68.54,23.408711094420397,52.0,57.0,62.0,72.0,86.5,97.74999999999999,154.5299999999998,205.0,547.9677551020403
test_45_2,enforcer,45,2,90,50.0,45.8828,19.42778244616483,33.95,36.6025,38.685,43.29,63.24300000000001,73.503,116.97769999999986,151.9,377.43873077551035
test_45_2,asmeta,45,2,90,50.0,18.12,9.492510474160179,13.0,13.0,14.0,17.0,28.0,31.64999999999999,51.33999999999993,68.0,90.1077551020408
test_45_20,test_runner,45,20,900,50.0,3270.28,126.88224333400392,3195.0,3218.75,3249.5,3281.0,3302.0,3313.65,3752.2599999999984,4108.0,16099.103673469397
test_45_20,enforcer,45,20,900,50.0,3243.6076000000003,122.9160343994623,3170.09,3194.8849999999998,3222.505,3255.2325,3274.5449999999996,3287.1895,3712.1368999999986,4053.76,15108.351512489764
test_45_20,asmeta,45,20,900,50.0,3111.96,108.20557909340337,3047.0,3070.25,3093.0,3124.0,3139.9,3150.0,3513.8899999999985,3827.0,11708.447346938758
test_45_4,test_runner,45,4,180,50.0,116.28,35.8745205471766,98.0,103.0,106.0,114.0,127.70000000000002,171.84999999999997,259.90999999999974,329.0,1286.9812244897957
test_45_4,enforcer,45,4,180,50.0,94.03559999999999,32.3330341064771,77.51,81.3125,84.175,92.02499999999999,105.09200000000001,149.51799999999997,223.76389999999975,279.08,1045.4250945306128
test_45_4,asmeta,45,4,180,50.0,60.44,21.690927286093885,50.0,52.0,53.5,57.75,66.00000000000003,99.29999999999998,149.0899999999999,178.0,470.49632653061207
test_45_6,test_runner,45,6,270,50.0,208.0,62.37804427972446,182.0,187.0,190.0,196.0,221.40000000000003,299.29999999999984,488.14,495.0,3891.0204081632696
test_45_6,enforcer,45,6,270,50.0,179.2748,44.71935047719322,161.32,164.4675,166.535,173.5075,189.586,227.5799999999999,376.19439999999975,441.58,1999.8203071020396
test_45_6,asmeta,45,6,270,50.0,139.8,34.46678377327177,126.0,129.0,131.0,135.0,147.0,179.7499999999999,292.4099999999998,337.0,1187.9591836734687
test_45_8,test_runner,45,8,360,50.0,349.84,56.51236454917433,322.0,330.25,334.5,341.75,373.70000000000005,410.29999999999995,583.8499999999996,699.0,3193.647346938776
test_45_8,enforcer,45,8,360,50.0,324.5468,52.90606587034753,301.49,306.5425,310.35,314.605,336.863,384.3164999999999,545.8557999999996,651.0,2799.051805877554
test_45_8,asmeta,45,8,360,50.0,276.12,42.082348813162184,260.0,263.0,265.0,268.75,283.8,319.99999999999994,451.3099999999996,540.0,1770.9240816326528
test_50_10,test_runner,50,10,500,50.0,765.62,72.93550127982104,736.0,744.0,750.0,754.5,785.5,819.4499999999999,1076.6299999999994,1230.0,5319.587346938772
test_50_10,enforcer,50,10,500,50.0,741.3436,68.93977604742697,714.95,721.3825,725.8399999999999,729.5799999999999,761.166,795.3349999999999,1036.5382999999995,1177.33,4752.692721469377
test_50_10,asmeta,50,10,500,50.0,681.62,56.18224354541139,661.0,665.0,668.5,672.5,697.3,725.9,921.8699999999995,1038.0,3156.444489795913
test_50_12,test_runner,50,12,600,50.0,1138.96,86.1491255715036,1097.0,1109.0,1122.0,1136.0,1145.4,1200.5,1502.7999999999993,1689.0,7421.671836734703
test_50_12,enforcer,50,12,600,50.0,1112.5916,81.66952971030287,1073.63,1084.36,1097.8000000000002,1108.825,1118.466,1158.0244999999998,1460.5368999999994,1634.09,6669.912083102016
test_50_12,asmeta,50,12,600,50.0,1040.6,67.70524351924303,1003.0,1018.0,1029.5,1038.0,1045.4,1075.05,1328.0199999999995,1476.0,4584.000000000009
test_50_14,test_runner,50,14,700,50.0,1613.78,95.92733006323705,1563.0,1585.0,1592.5,1614.25,1618.0,1676.35,2005.799999999999,2241.0,9202.052653061235
test_50_14,enforcer,50,14,700,50.0,1587.2186000000002,92.46338138960742,1536.82,1560.9250000000002,1567.88,1585.0575000000001,1594.9060000000002,1640.0264999999997,1967.2434999999991,2191.1,8549.476897999995
test_50_14,asmeta,50,14,700,50.0,1502.52,78.56421785094415,1461.0,1479.25,1486.0,1502.5,1509.2,1551.1999999999998,1820.5299999999993,2018.0,6172.336326530595
test_50_16,test_runner,50,16,800,50.0,2435.14,103.57310540514514,2360.0,2405.75,2420.0,2431.0,2454.3,2468.65,2853.3599999999988,3116.0,10727.388163265281
test_50_16,enforcer,50,16,800,50.0,2407.9572,99.53374681616936,2335.82,2380.7349999999997,2393.9300000000003,2405.0550000000003,2427.5769999999998,2439.1130000000003,2809.388399999999,3061.66,9906.966755265248
test_50_16,asmeta,50,16,800,50.0,2308.06,84.70029033995971,2240.0,2286.0,2297.5,2308.0,2326.1,2332.85,2645.929999999999,2863.0,7174.139183673477
test_50_18,test_runner,50,18,900,50.0,3201.14,127.15955107097314,3143.0,3169.0,3182.5,3193.5,3214.9,3231.4,3670.1199999999985,4068.0,16169.551428571442
test_50_18,enforcer,50,18,900,50.0,3174.3062,123.20206034405594,3116.61,3141.095,3156.9300000000003,3166.72,3189.4049999999997,3205.9874999999997,3626.2768999999985,4013.96,15178.747673020402
test_50_18,asmeta,50,18,900,50.0,3054.76,108.6329825511533,3006.0,3027.5,3041.0,3049.0,3072.2,3074.55,3445.6699999999987,3797.0,11801.124897959195
test_50_2,test_runner,50,2,100,50.0,83.86,67.47063155513648,56.0,61.0,63.0,72.5,101.30000000000001,166.59999999999968,388.94999999999993,411.0,4552.28612244898
test_50_2,enforcer,50,2,100,50.0,48.89580000000001,19.873296008586443,37.58,39.7725,42.525000000000006,46.3625,67.191,73.80299999999998,122.83159999999982,164.07,394.9478942448981
test_50_2,asmeta,50,2,100,50.0,20.92,10.111298994043187,15.0,16.0,17.0,21.0,29.200000000000003,32.099999999999994,58.90999999999992,79.0,102.23836734693879
test_50_20,test_runner,50,20,1000,50.0,4271.96,134.15083804038935,4202.0,4235.0,4246.0,4265.75,4304.6,4318.85,4775.729999999999,5179.0,17996.447346938636
test_50_20,enforcer,50,20,1000,50.0,4244.883400000001,130.25748545390977,4174.18,4209.0,4219.264999999999,4239.95,4275.182000000001,4290.5685,4734.708299999998,5124.42,16967.012516775547
test_50_20,asmeta,50,20,1000,50.0,4107.32,114.10565100746207,4042.0,4076.25,4085.5,4106.0,4132.9,4145.1,4529.629999999998,4879.0,13020.099591836697
test_50_4,test_runner,50,4,200,50.0,132.84,39.350004538028436,112.0,118.0,121.0,126.75,145.10000000000002,193.3499999999999,290.0299999999997,365.0,1548.4228571428594
test_50_4,enforcer,50,4,200,50.0,109.79019999999998,35.134948267431696,92.97,95.815,97.78999999999999,105.9925,121.22200000000002,165.90949999999992,250.87249999999977,312.49,1234.4645897551025
test_50_4,asmeta,50,4,200,50.0,75.6,23.708260852560677,64.0,66.0,67.5,71.75,85.90000000000003,117.64999999999993,169.26999999999984,207.0,562.0816326530611
test_50_6,test_runner,50,6,300,50.0,243.34,50.75817416828503,219.0,226.25,231.5,235.75,261.5,287.29999999999995,455.2199999999996,564.0,2576.392244897962
test_50_6,enforcer,50,6,300,50.0,219.40279999999998,47.3154678958592,198.98,203.97,206.62,212.70250000000001,237.655,264.41849999999994,418.45179999999965,514.09,2238.753502204081
test_50_6,asmeta,50,6,300,50.0,177.14,36.58705581296785,162.0,166.0,167.5,171.5,190.2,213.0499999999999,331.4799999999997,404.0,1338.6126530612246
test_50_8,test_runner,50,8,400,50.0,496.04,64.76234733742331,467.0,477.25,480.0,486.0,510.6,552.4,768.3099999999995,906.0,4194.161632653065
test_50_8,enforcer,50,8,400,50.0,471.6754,60.866537913633906,446.43,454.0875,456.075,460.52750000000003,488.38,525.0939999999999,728.9923999999994,854.55,3704.7354375918335
test_50_8,asmeta,50,8,400,50.0,420.42,49.21966174244615,400.0,406.25,409.0,411.0,431.70000000000005,454.55,628.6699999999996,735.0,2422.5751020408134
test_55_10,test_runner,55,10,550,50.0,947.5,75.26992244243245,919.0,928.0,931.5,938.75,949.2,988.1999999999998,1262.1299999999992,1440.0,5665.561224489796
test_55_10,enforcer,55,10,550,50.0,922.5038000000001,71.29522925018712,894.2,902.615,908.12,915.0825,922.779,964.0704999999998,1222.7990999999993,1386.17,5083.009713836743
test_55_10,asmeta,55,10,550,50.0,858.28,57.89717838812287,837.0,843.0,846.0,852.0,857.1,888.8499999999999,1100.3099999999995,1238.0,3352.0832653061198
test_55_12,test_runner,55,12,660,50.0,1388.0,95.66864583508207,1354.0,1362.25,1369.5,1377.75,1388.7,1431.1999999999998,1776.589999999999,2026.0,9152.489795918355
test_55_12,enforcer,55,12,660,50.0,1362.6960000000001,90.93432795154975,1329.84,1337.85,1345.5700000000002,1353.045,1364.595,1403.9115,1732.580899999999,1968.56,8269.052000000003
test_55_12,asmeta,55,12,660,50.0,1286.66,75.97169451412108,1260.0,1267.0,1273.5,1279.0,1288.3,1316.1,1591.1999999999991,1797.0,5771.698367346937
test_55_14,test_runner,55,14,770,50.0,2196.3,104.91711986523615,2127.0,2149.25,2183.0,2217.5,2229.0,2241.55,2619.8399999999992,2857.0,11007.602040816337
test_55_14,enforcer,55,14,770,50.0,2170.8702000000003,101.03751757194969,2099.21,2124.8025000000002,2158.54,2190.59,2201.983,2216.416,2578.6538999999993,2803.51,10208.57995710209
test_55_14,asmeta,55,14,770,50.0,2080.8,86.8667757816179,2016.0,2038.5,2072.0,2102.75,2107.7,2125.3,2428.3499999999995,2617.0,7545.836734693859
test_55_16,test_runner,55,16,880,50.0,3095.52,104.00279431096932,3044.0,3066.0,3077.0,3086.75,3114.3,3150.75,3518.339999999999,3780.0,10816.58122448981
test_55_16,enforcer,55,16,880,50.0,3068.9762,99.83078425648725,3018.71,3040.2925,3051.795,3061.1324999999997,3086.114,3124.2904999999996,3475.316699999999,3724.81,9966.185485265318
test_55_16,asmeta,55,16,880,50.0,2962.2,85.13854255606815,2918.0,2936.25,2945.0,2958.5,2978.8,3003.15,3307.869999999999,3522.0,7248.57142857139
test_55_18,test_runner,55,18,990,50.0,4136.06,115.52443155330518,4084.0,4107.25,4114.5,4128.75,4143.1,4175.2,4594.989999999999,4913.0,13345.894285714303
test_55_18,enforcer,55,18,990,50.0,4108.649,111.13178571830278,4055.5,4079.31,4087.805,4102.51,4117.304,4148.2515,4551.066199999998,4854.19,12350.273796938707
test_55_18,asmeta,55,18,990,50.0,3986.06,95.23749261714106,3939.0,3959.25,3968.5,3981.25,3998.3,4019.55,4354.579999999999,4628.0,9070.179999999937
test_55_2,test_runner,55,2,110,50.0,76.14,24.545675873392298,60.0,66.0,69.0,73.0,101.1,105.29999999999998,167.0999999999998,221.0,602.4902040816328
test_55_2,enforcer,55,2,110,50.0,53.918,20.793084211352774,41.31,44.45,47.235,50.685,77.218,83.26449999999998,129.97279999999984,169.8,432.35235102040826
test_55_2,asmeta,55,2,110,50.0,25.06,11.312644181063371,19.0,20.0,21.0,24.0,36.2,39.55,66.43999999999991,88.0,127.97591836734684
test_55_20,test_runner,55,20,1100,50.0,5330.0,149.38677372266028,5244.0,5278.25,5288.5,5313.5,5404.0,5453.7,5897.919999999998,6286.0,22316.408163265296
test_55_20,enforcer,55,20,1100,50.0,5302.215999999999,145.5668345412764,5219.06,5250.86,5260.245,5287.7474999999995,5375.981000000001,5426.4365,5856.413999999999,6229.99,21189.703318367374
test_55_20,asmeta,55,20,1100,50.0,5156.44,129.12707868212456,5078.0,5110.0,5117.0,5143.75,5225.0,5283.7,5648.049999999998,5969.0,16673.802448979593
test_55_4,test_runner,55,4,220,50.0,149.64,41.524401481145354,130.0,135.0,139.0,145.5,157.8,200.19999999999982,331.5299999999998,382.0,1724.2759183673452
test_55_4,enforcer,55,4,220,50.0,126.56459999999998,37.05635797219237,109.09,112.73,115.37,120.605,137.894,177.49299999999982,287.81109999999984,324.37,1373.173666163265
test_55_4,asmeta,55,4,220,50.0,91.06,26.761539567072752,78.0,81.0,83.0,87.0,99.1,132.9999999999999,207.84999999999994,225.0,716.1799999999997
test_55_6,test_runner,55,6,330,50.0,296.5,55.61832395158697,272.0,278.0,282.0,284.0,318.3,358.34999999999997,538.2499999999997,624.0,3093.397959183673
test_55_6,enforcer,55,6,330,50.0,272.724,51.30862830728873,250.95,255.06,258.16499999999996,262.1825,296.84100000000007,330.48199999999997,495.4105999999997,571.88,2632.5753387755076
test_55_6,asmeta,55,6,330,50.0,228.7,40.010840367815014,211.0,215.0,218.0,221.0,241.90000000000003,272.4,402.68999999999977,461.0,1600.8673469387754
test_55_8,test_runner,55,8,440,50.0,591.02,68.47984658098396,560.0,572.0,573.5,582.75,599.2,664.3999999999997,873.5499999999994,1023.0,4689.489387755103
test_55_8,enforcer,55,8,440,50.0,566.8146,64.67074104876112,536.81,547.745,551.19,558.625,572.558,637.3229999999998,835.1313999999994,971.91,4182.304747795917
test_55_8,asmeta,55,8,440,50.0,512.86,52.26736992793568,489.0,497.0,501.0,506.0,517.1,568.7999999999997,727.8299999999995,842.0,2731.877959183671
test_60_10,test_runner,60,10,600,50.0,1117.3,87.93904428752955,1080.0,1091.0,1095.5,1107.75,1119.4,1200.3499999999997,1496.8099999999993,1659.0,7733.275510204089
test_60_10,enforcer,60,10,600,50.0,1092.0926,82.79481204317884,1058.68,1066.275,1071.6,1082.6799999999998,1097.174,1171.4904999999997,1451.1845999999996,1598.41,6854.980901265309
test_60_10,asmeta,60,10,600,50.0,1025.22,67.85437287579443,997.0,1004.25,1008.5,1017.75,1028.0,1089.2999999999997,1317.5199999999995,1441.0,4604.215918367357
test_60_12,test_runner,60,12,720,50.0,1695.84,88.66570098190304,1655.0,1669.0,1675.0,1692.75,1714.0,1739.1999999999998,2064.2599999999993,2273.0,7861.606530612252
test_60_12,enforcer,60,12,720,50.0,1669.7086,83.77314532469121,1629.92,1644.6574999999998,1649.685,1666.7725,1685.191,1713.2824999999998,2018.6292999999991,2213.37,7017.939877591836
test_60_12,asmeta,60,12,720,50.0,1590.18,70.32452180674204,1558.0,1568.0,1575.0,1586.75,1602.2,1624.6999999999998,1879.9699999999993,2050.0,4945.538367346942
test_60_14,test_runner,60,14,840,50.0,2820.02,86.97254786214242,2768.0,2795.0,2807.5,2818.0,2834.1,2841.65,3150.709999999999,3406.0,7564.224081632622
test_60_14,enforcer,60,14,840,50.0,2793.2304000000004,82.07390967180936,2740.46,2768.99,2782.02,2792.3624999999997,2809.2140000000004,2813.299,3106.572699999999,3344.6,6736.126648816337
test_60_14,asmeta,60,14,840,50.0,2698.02,67.52157327212434,2650.0,2679.0,2688.5,2700.0,2709.1,2717.65,2948.649999999999,3152.0,4559.16285714286
test_60_16,test_runner,60,16,960,50.0,3782.5,98.44054457552808,3727.0,3744.25,3762.5,3780.0,3825.3,3832.95,4153.619999999999,4429.0,9690.540816326593
test_60_16,enforcer,60,16,960,50.0,3755.5535999999993,94.57866119861522,3700.91,3718.4575,3735.875,3754.7325,3796.202,3805.9295,4112.425999999999,4374.87,8945.123154122468
test_60_16,asmeta,60,16,960,50.0,3645.42,81.78196248412665,3595.0,3614.25,3626.5,3643.75,3686.2,3690.0,3946.269999999999,4180.0,6688.289387755118
test_60_18,test_runner,60,18,1080,50.0,5100.96,135.3263568457485,5003.0,5043.25,5060.5,5118.25,5196.2,5224.55,5612.359999999999,5924.0,18313.22285714286
test_60_18,enforcer,60,18,1080,50.0,5072.971200000001,131.21066212649586,4977.28,5016.41,5034.719999999999,5092.5675,5168.177000000001,5191.6865,5570.112799999999,5865.23,17216.237855673488
test_60_18,asmeta,60,18,1080,50.0,4941.82,114.14074555529402,4855.0,4889.25,4907.5,4966.5,5044.3,5062.6,5374.289999999999,5609.0,13028.109795918306
test_60_2,test_runner,60,2,120,50.0,86.66,27.96251864513626,71.0,75.0,78.0,83.0,114.5,124.19999999999999,191.21999999999974,251.0,781.9024489795917
test_60_2,enforcer,60,2,120,50.0,62.87080000000001,24.497431088977137,48.19,51.8775,55.015,59.4625,90.108,98.43499999999997,153.5297999999998,201.05,600.1241299591841
test_60_2,asmeta,60,2,120,50.0,30.62,14.28841403061249,23.0,24.0,25.0,28.75,47.300000000000004,51.55,83.02999999999989,109.0,204.15877551020412
test_60_20,test_runner,60,20,1200,50.0,6862.08,148.29436253338716,6778.0,6822.0,6836.5,6850.75,6894.1,6922.4,7454.469999999998,7845.0,21991.21795918378
test_60_20,enforcer,60,20,1200,50.0,6833.085599999999,142.8141042620205,6748.24,6794.1325,6808.695,6822.962500000001,6863.468000000001,6896.425,7405.395499999999,7775.86,20395.868376163366
test_60_20,asmeta,60,20,1200,50.0,6680.32,124.73211130994588,6604.0,6644.5,6659.5,6673.75,6706.4,6734.25,7173.779999999999,7506.0,15558.099591836746
test_60_4,test_runner,60,4,240,50.0,168.84,38.00448953070935,149.0,155.0,159.0,164.5,174.50000000000003,218.04999999999984,331.64999999999975,388.0,1444.3412244897938
test_60_4,enforcer,60,4,240,50.0,145.77100000000002,34.80529453331807,128.99,133.1975,135.29500000000002,139.32,155.52100000000002,196.78049999999985,294.92199999999985,337.16,1211.408527551022
test_60_4,asmeta,60,4,240,50.0,108.96,25.311899274806677,98.0,100.0,101.0,104.0,113.80000000000001,149.49999999999991,218.4999999999999,243.0,640.6922448979591
test_60_6,test_runner,60,6,360,50.0,351.9,57.5195618898475,330.0,335.0,338.0,345.0,355.5,397.24999999999994,597.9299999999995,717.0,3308.4999999999986
test_60_6,enforcer,60,6,360,50.0,327.918,53.99336792229055,308.26,311.1825,314.44,320.605,334.249,373.81049999999993,560.3058999999995,666.68,2915.283779591838
test_60_6,asmeta,60,6,360,50.0,281.74,42.29527401591851,265.0,270.0,271.5,275.0,288.0,316.3999999999999,462.75999999999965,549.0,1788.8902040816313
test_60_8,test_runner,60,8,480,50.0,697.14,66.8962065365413,670.0,677.25,683.5,687.75,703.7,730.5,988.7399999999994,1123.0,4475.1024489795955
test_60_8,enforcer,60,8,480,50.0,672.4679999999998,63.07714120707391,646.58,653.8725,659.5250000000001,663.63,676.4920000000001,706.9485,948.7666999999994,1071.35,3978.7257428571356
test_60_8,asmeta,60,8,480,50.0,616.28,50.92052230522321,595.0,601.0,606.0,609.75,621.0,641.6999999999999,839.5299999999996,939.0,2592.8995918367377
